Year,RegionName,StudioMonthlyRent,StudioYearlyRent,1BedMonthlyRent,1BedYearlyRent,2BedMonthlyRent,2BedYearlyRent,3BedMonthlyRent,3BedYearlyRent,4BedMonthlyRent,4BedYearlyRent
2018,"Adams County, OH",539,6468,547,6564,695,8340,871,10452,947,11364
2018,"Akron, OH MSA",537,6444,629,7548,826,9912,1048,12576,1125,13500
2018,"Akron, OH MSA",537,6444,629,7548,826,9912,1048,12576,1125,13500
2018,"Ashland County, OH",518,6216,540,6480,714,8568,985,11820,1148,13776
2018,"Ashtabula County, OH",512,6144,523,6276,695,8340,973,11676,976,11712
2018,"Athens County, OH",605,7260,669,8028,768,9216,963,11556,1046,12552
2018,"Auglaize County, OH",512,6144,535,6420,711,8532,928,11136,1020,12240
2018,"Brown County, OH HUD Metro FMR Area",461,5532,526,6312,700,8400,1018,12216,1065,12780
2018,"Canton-Massillon, OH MSA",473,5676,539,6468,717,8604,916,10992,977,11724
2018,"Canton-Massillon, OH MSA",473,5676,539,6468,717,8604,916,10992,977,11724
2018,"Champaign County, OH",495,5940,546,6552,695,8340,1009,12108,1181,14172
2018,"Cincinnati, OH-KY-IN  HUD Metro FMR Area",556,6672,643,7716,845,10140,1178,14136,1370,16440
2018,"Cincinnati, OH-KY-IN  HUD Metro FMR Area",556,6672,643,7716,845,10140,1178,14136,1370,16440
2018,"Cincinnati, OH-KY-IN  HUD Metro FMR Area",556,6672,643,7716,845,10140,1178,14136,1370,16440
2018,"Cincinnati, OH-KY-IN  HUD Metro FMR Area",556,6672,643,7716,845,10140,1178,14136,1370,16440
2018,"Cincinnati, OH-KY-IN  HUD Metro FMR Area",556,6672,643,7716,845,10140,1178,14136,1370,16440
2018,"Cincinnati, OH-KY-IN  HUD Metro FMR Area",556,6672,643,7716,845,10140,1178,14136,1370,16440
2018,"Cincinnati, OH-KY-IN  HUD Metro FMR Area",556,6672,643,7716,845,10140,1178,14136,1370,16440
2018,"Cincinnati, OH-KY-IN  HUD Metro FMR Area",556,6672,643,7716,845,10140,1178,14136,1370,16440
2018,"Cincinnati, OH-KY-IN  HUD Metro FMR Area",556,6672,643,7716,845,10140,1178,14136,1370,16440
2018,"Cincinnati, OH-KY-IN  HUD Metro FMR Area",556,6672,643,7716,845,10140,1178,14136,1370,16440
2018,"Cincinnati, OH-KY-IN  HUD Metro FMR Area",556,6672,643,7716,845,10140,1178,14136,1370,16440
2018,"Cincinnati, OH-KY-IN  HUD Metro FMR Area",556,6672,643,7716,845,10140,1178,14136,1370,16440
2018,"Cleveland-Elyria, OH MSA",529,6348,634,7608,785,9420,1032,12384,1091,13092
2018,"Cleveland-Elyria, OH MSA",529,6348,634,7608,785,9420,1032,12384,1091,13092
2018,"Cleveland-Elyria, OH MSA",529,6348,634,7608,785,9420,1032,12384,1091,13092
2018,"Cleveland-Elyria, OH MSA",529,6348,634,7608,785,9420,1032,12384,1091,13092
2018,"Cleveland-Elyria, OH MSA",529,6348,634,7608,785,9420,1032,12384,1091,13092
2018,"Clinton County, OH",485,5820,573,6876,741,8892,954,11448,1175,14100
2018,"Columbiana County, OH",471,5652,561,6732,695,8340,915,10980,1072,12864
2018,"Columbus, OH HUD Metro FMR Area",601,7212,714,8568,910,10920,1165,13980,1361,16332
2018,"Columbus, OH HUD Metro FMR Area",601,7212,714,8568,910,10920,1165,13980,1361,16332
2018,"Columbus, OH HUD Metro FMR Area",601,7212,714,8568,910,10920,1165,13980,1361,16332
2018,"Columbus, OH HUD Metro FMR Area",601,7212,714,8568,910,10920,1165,13980,1361,16332
2018,"Columbus, OH HUD Metro FMR Area",601,7212,714,8568,910,10920,1165,13980,1361,16332
2018,"Columbus, OH HUD Metro FMR Area",601,7212,714,8568,910,10920,1165,13980,1361,16332
2018,"Columbus, OH HUD Metro FMR Area",601,7212,714,8568,910,10920,1165,13980,1361,16332
2018,"Coshocton County, OH",500,6000,539,6468,695,8340,871,10452,1016,12192
2018,"Crawford County, OH",519,6228,523,6276,695,8340,906,10872,947,11364
2018,"Darke County, OH",538,6456,542,6504,695,8340,943,11316,947,11364
2018,"Dayton-Kettering, OH MSA",517,6204,583,6996,765,9180,1024,12288,1183,14196
2018,"Dayton-Kettering, OH MSA",517,6204,583,6996,765,9180,1024,12288,1183,14196
2018,"Dayton-Kettering, OH MSA",517,6204,583,6996,765,9180,1024,12288,1183,14196
2018,"Defiance County, OH",527,6324,530,6360,705,8460,934,11208,1181,14172
2018,"Erie County, OH",510,6120,588,7056,777,9324,1025,12300,1071,12852
2018,"Fayette County, OH",484,5808,571,6852,753,9036,944,11328,1167,14004
2018,"Gallia County, OH",500,6000,605,7260,695,8340,910,10920,981,11772
2018,"Guernsey County, OH",569,6828,572,6864,695,8340,871,10452,1047,12564
2018,"Hancock County, OH",549,6588,552,6624,726,8712,1003,12036,1119,13428
2018,"Hardin County, OH",505,6060,528,6336,702,8424,924,11088,974,11688
2018,"Harrison County, OH",500,6000,523,6276,695,8340,871,10452,969,11628
2018,"Henry County, OH",500,6000,596,7152,695,8340,1011,12132,1045,12540
2018,"Highland County, OH",500,6000,583,6996,695,8340,958,11496,1038,12456
2018,"Hocking County, OH HUD Metro FMR Area",582,6984,586,7032,695,8340,1011,12132,1205,14460
2018,"Holmes County, OH",500,6000,558,6696,695,8340,871,10452,947,11364
2018,"Huron County, OH",484,5808,542,6504,695,8340,925,11100,1047,12564
2018,"Jackson County, OH",500,6000,573,6876,695,8340,990,11880,1022,12264
2018,"Knox County, OH",533,6396,553,6636,715,8580,947,11364,1070,12840
2018,"Lima, OH MSA",530,6360,549,6588,695,8340,916,10992,947,11364
2018,"Logan County, OH",544,6528,568,6816,756,9072,948,11376,1061,12732
2018,"Mansfield, OH MSA",485,5820,523,6276,695,8340,941,11292,1072,12864
2018,"Marion County, OH",492,5904,580,6960,772,9264,968,11616,1051,12612
2018,"Meigs County, OH",443,5316,529,6348,695,8340,871,10452,986,11832
2018,"Mercer County, OH",500,6000,523,6276,695,8340,888,10656,947,11364
2018,"Monroe County, OH",500,6000,592,7104,695,8340,940,11280,1068,12816
2018,"Morgan County, OH",507,6084,605,7260,695,8340,905,10860,986,11832
2018,"Muskingum County, OH",447,5364,570,6840,700,8400,907,10884,1021,12252
2018,"Noble County, OH",500,6000,532,6384,695,8340,871,10452,947,11364
2018,"Ottawa County, OH HUD Metro FMR Area",530,6360,599,7188,737,8844,944,11328,1224,14688
2018,"Paulding County, OH",500,6000,561,6732,695,8340,871,10452,976,11712
2018,"Perry County, OH HUD Metro FMR Area",443,5316,535,6420,695,8340,974,11688,1045,12540
2018,"Pike County, OH",500,6000,550,6600,695,8340,1011,12132,1095,13140
2018,"Preble County, OH",477,5724,539,6468,714,8568,969,11628,972,11664
2018,"Putnam County, OH",509,6108,573,6876,708,8496,888,10656,964,11568
2018,"Ross County, OH",562,6744,566,6792,753,9036,944,11328,1026,12312
2018,"Sandusky County, OH",483,5796,555,6660,695,8340,928,11136,1090,13080
2018,"Scioto County, OH",443,5316,605,7260,695,8340,941,11292,1108,13296
2018,"Seneca County, OH",519,6228,523,6276,695,8340,943,11316,947,11364
2018,"Shelby County, OH",521,6252,586,7032,724,8688,908,10896,1031,12372
2018,"Springfield, OH MSA",483,5796,572,6864,731,8772,936,11232,1044,12528
2018,"Toledo, OH HUD Metro FMR Area",465,5580,557,6684,726,8712,994,11928,1093,13116
2018,"Toledo, OH HUD Metro FMR Area",465,5580,557,6684,726,8712,994,11928,1093,13116
2018,"Toledo, OH HUD Metro FMR Area",465,5580,557,6684,726,8712,994,11928,1093,13116
2018,"Tuscarawas County, OH",497,5964,564,6768,750,9000,940,11280,1021,12252
2018,"Union County, OH HUD Metro FMR Area",587,7044,668,8016,889,10668,1194,14328,1211,14532
2018,"Van Wert County, OH",500,6000,523,6276,695,8340,955,11460,968,11616
2018,"Vinton County, OH",500,6000,605,7260,695,8340,1011,12132,1224,14688
2018,"Washington County, OH",449,5388,544,6528,695,8340,935,11220,1083,12996
2018,"Wayne County, OH",537,6444,571,6852,723,8676,906,10872,995,11940
2018,"Williams County, OH",500,6000,546,6552,695,8340,900,10800,1103,13236
2018,"Wyandot County, OH",500,6000,548,6576,695,8340,895,10740,985,11820
2018,"Youngstown-Warren-Boardman, OH HUD Metro FMR Area",485,5820,555,6660,695,8340,911,10932,1012,12144
2018,"Youngstown-Warren-Boardman, OH HUD Metro FMR Area",485,5820,555,6660,695,8340,911,10932,1012,12144
2019,"Adams County, OH",533,6396,536,6432,682,8184,854,10248,922,11064
2019,"Akron, OH MSA",527,6324,623,7476,810,9720,1019,12228,1095,13140
2019,"Akron, OH MSA",527,6324,623,7476,810,9720,1019,12228,1095,13140
2019,"Ashland County, OH",467,5604,530,6360,691,8292,916,10992,1103,13236
2019,"Ashtabula County, OH",502,6024,526,6312,696,8352,957,11484,972,11664
2019,"Athens County, OH",643,7716,669,8028,766,9192,960,11520,1035,12420
2019,"Auglaize County, OH",504,6048,521,6252,682,8184,903,10836,933,11196
2019,"Brown County, OH HUD Metro FMR Area",485,5820,553,6636,731,8772,1030,12360,1062,12744
2019,"Canton-Massillon, OH MSA",506,6072,586,7032,775,9300,989,11868,1048,12576
2019,"Canton-Massillon, OH MSA",506,6072,586,7032,775,9300,989,11868,1048,12576
2019,"Champaign County, OH",540,6480,543,6516,682,8184,982,11784,1190,14280
2019,"Cincinnati, OH-KY-IN  HUD Metro FMR Area",584,7008,670,8040,884,10608,1223,14676,1414,16968
2019,"Cincinnati, OH-KY-IN  HUD Metro FMR Area",584,7008,670,8040,884,10608,1223,14676,1414,16968
2019,"Cincinnati, OH-KY-IN  HUD Metro FMR Area",584,7008,670,8040,884,10608,1223,14676,1414,16968
2019,"Cincinnati, OH-KY-IN  HUD Metro FMR Area",584,7008,670,8040,884,10608,1223,14676,1414,16968
2019,"Cincinnati, OH-KY-IN  HUD Metro FMR Area",584,7008,670,8040,884,10608,1223,14676,1414,16968
2019,"Cincinnati, OH-KY-IN  HUD Metro FMR Area",584,7008,670,8040,884,10608,1223,14676,1414,16968
2019,"Cincinnati, OH-KY-IN  HUD Metro FMR Area",584,7008,670,8040,884,10608,1223,14676,1414,16968
2019,"Cincinnati, OH-KY-IN  HUD Metro FMR Area",584,7008,670,8040,884,10608,1223,14676,1414,16968
2019,"Cincinnati, OH-KY-IN  HUD Metro FMR Area",584,7008,670,8040,884,10608,1223,14676,1414,16968
2019,"Cincinnati, OH-KY-IN  HUD Metro FMR Area",584,7008,670,8040,884,10608,1223,14676,1414,16968
2019,"Cincinnati, OH-KY-IN  HUD Metro FMR Area",584,7008,670,8040,884,10608,1223,14676,1414,16968
2019,"Cincinnati, OH-KY-IN  HUD Metro FMR Area",584,7008,670,8040,884,10608,1223,14676,1414,16968
2019,"Cleveland-Elyria, OH MSA",569,6828,678,8136,836,10032,1102,13224,1158,13896
2019,"Cleveland-Elyria, OH MSA",569,6828,678,8136,836,10032,1102,13224,1158,13896
2019,"Cleveland-Elyria, OH MSA",569,6828,678,8136,836,10032,1102,13224,1158,13896
2019,"Cleveland-Elyria, OH MSA",569,6828,678,8136,836,10032,1102,13224,1158,13896
2019,"Cleveland-Elyria, OH MSA",569,6828,678,8136,836,10032,1102,13224,1158,13896
2019,"Clinton County, OH",449,5388,550,6600,699,8388,937,11244,1134,13608
2019,"Columbiana County, OH",469,5628,555,6660,682,8184,904,10848,1028,12336
2019,"Columbus, OH HUD Metro FMR Area",643,7716,761,9132,957,11484,1225,14700,1424,17088
2019,"Columbus, OH HUD Metro FMR Area",643,7716,761,9132,957,11484,1225,14700,1424,17088
2019,"Columbus, OH HUD Metro FMR Area",643,7716,761,9132,957,11484,1225,14700,1424,17088
2019,"Columbus, OH HUD Metro FMR Area",643,7716,761,9132,957,11484,1225,14700,1424,17088
2019,"Columbus, OH HUD Metro FMR Area",643,7716,761,9132,957,11484,1225,14700,1424,17088
2019,"Columbus, OH HUD Metro FMR Area",643,7716,761,9132,957,11484,1225,14700,1424,17088
2019,"Columbus, OH HUD Metro FMR Area",643,7716,761,9132,957,11484,1225,14700,1424,17088
2019,"Coshocton County, OH",498,5976,527,6324,682,8184,859,10308,985,11820
2019,"Crawford County, OH",533,6396,536,6432,682,8184,854,10248,922,11064
2019,"Darke County, OH",520,6240,523,6276,682,8184,918,11016,922,11064
2019,"Dayton-Kettering, OH MSA",524,6288,599,7188,788,9456,1053,12636,1189,14268
2019,"Dayton-Kettering, OH MSA",524,6288,599,7188,788,9456,1053,12636,1189,14268
2019,"Dayton-Kettering, OH MSA",524,6288,599,7188,788,9456,1053,12636,1189,14268
2019,"Defiance County, OH",502,6024,522,6264,691,8292,923,11076,1141,13692
2019,"Erie County, OH",486,5832,566,6792,748,8976,962,11544,1064,12768
2019,"Fayette County, OH",470,5640,571,6852,732,8784,917,11004,1114,13368
2019,"Gallia County, OH",498,5976,596,7152,682,8184,883,10596,982,11784
2019,"Guernsey County, OH",557,6684,560,6720,682,8184,854,10248,1057,12684
2019,"Hancock County, OH",561,6732,564,6768,743,8916,1014,12168,1177,14124
2019,"Hardin County, OH",498,5976,516,6192,682,8184,918,11016,922,11064
2019,"Harrison County, OH",498,5976,532,6384,682,8184,854,10248,1001,12012
2019,"Henry County, OH",498,5976,596,7152,682,8184,964,11568,968,11616
2019,"Highland County, OH",498,5976,566,6792,682,8184,944,11328,1061,12732
2019,"Hocking County, OH HUD Metro FMR Area",568,6816,571,6852,682,8184,986,11832,1198,14376
2019,"Holmes County, OH",498,5976,539,6468,682,8184,856,10272,922,11064
2019,"Huron County, OH",493,5916,525,6300,682,8184,902,10824,1027,12324
2019,"Jackson County, OH",498,5976,537,6444,682,8184,934,11208,1036,12432
2019,"Knox County, OH",536,6432,545,6540,702,8424,922,11064,1012,12144
2019,"Lima, OH MSA",516,6192,562,6744,687,8244,920,11040,945,11340
2019,"Logan County, OH",542,6504,561,6732,742,8904,944,11328,1003,12036
2019,"Mansfield, OH MSA",461,5532,516,6192,682,8184,904,10848,1061,12732
2019,"Marion County, OH",486,5832,572,6864,756,9072,947,11364,1022,12264
2019,"Meigs County, OH",438,5256,564,6768,682,8184,854,10248,959,11508
2019,"Mercer County, OH",512,6144,516,6192,682,8184,874,10488,922,11064
2019,"Monroe County, OH",498,5976,594,7128,682,8184,931,11172,1071,12852
2019,"Morgan County, OH",498,5976,596,7152,682,8184,862,10344,959,11508
2019,"Muskingum County, OH",446,5352,557,6684,690,8280,865,10380,1010,12120
2019,"Noble County, OH",504,6048,538,6456,690,8280,865,10380,933,11196
2019,"Ottawa County, OH HUD Metro FMR Area",523,6276,579,6948,716,8592,897,10764,1138,13656
2019,"Paulding County, OH",498,5976,566,6792,682,8184,854,10248,954,11448
2019,"Perry County, OH HUD Metro FMR Area",481,5772,542,6504,717,8604,949,11388,1086,13032
2019,"Pike County, OH",498,5976,556,6672,682,8184,978,11736,1057,12684
2019,"Preble County, OH",464,5568,522,6264,691,8292,931,11172,934,11208
2019,"Putnam County, OH",498,5976,550,6600,682,8184,854,10248,922,11064
2019,"Ross County, OH",560,6720,564,6768,732,8784,917,11004,989,11868
2019,"Sandusky County, OH",498,5976,544,6528,682,8184,908,10896,1047,12564
2019,"Scioto County, OH",438,5256,596,7152,682,8184,966,11592,1070,12840
2019,"Seneca County, OH",512,6144,516,6192,682,8184,906,10872,922,11064
2019,"Shelby County, OH",514,6168,577,6924,703,8436,886,10632,1018,12216
2019,"Springfield, OH MSA",506,6072,613,7356,788,9456,1001,12012,1069,12828
2019,"Toledo, OH HUD Metro FMR Area",477,5724,560,6720,727,8724,994,11928,1094,13128
2019,"Toledo, OH HUD Metro FMR Area",477,5724,560,6720,727,8724,994,11928,1094,13128
2019,"Toledo, OH HUD Metro FMR Area",477,5724,560,6720,727,8724,994,11928,1094,13128
2019,"Tuscarawas County, OH",490,5880,562,6744,743,8916,931,11172,1004,12048
2019,"Union County, OH HUD Metro FMR Area",624,7488,703,8436,930,11160,1223,14676,1261,15132
2019,"Van Wert County, OH",498,5976,516,6192,682,8184,928,11136,931,11172
2019,"Vinton County, OH",498,5976,596,7152,682,8184,959,11508,1198,14376
2019,"Washington County, OH",498,5976,527,6324,682,8184,884,10608,1025,12300
2019,"Wayne County, OH",565,6780,575,6900,735,8820,922,11064,1028,12336
2019,"Williams County, OH",498,5976,544,6528,682,8184,883,10596,1014,12168
2019,"Wyandot County, OH",498,5976,526,6312,682,8184,854,10248,937,11244
2019,"Youngstown-Warren-Boardman, OH HUD Metro FMR Area",473,5676,544,6528,685,8220,897,10764,992,11904
2019,"Youngstown-Warren-Boardman, OH HUD Metro FMR Area",473,5676,544,6528,685,8220,897,10764,992,11904
2020,"Adams County, OH",564,6768,567,6804,696,8352,881,10572,943,11316
2020,"Akron, OH MSA",557,6684,659,7908,847,10164,1065,12780,1147,13764
2020,"Akron, OH MSA",557,6684,659,7908,847,10164,1065,12780,1147,13764
2020,"Ashland County, OH",453,5436,538,6456,696,8352,894,10728,1111,13332
2020,"Ashtabula County, OH",490,5880,528,6336,696,8352,950,11400,978,11736
2020,"Athens County, OH",685,8220,705,8460,802,9624,999,11988,1086,13032
2020,"Auglaize County, OH",515,6180,541,6492,696,8352,949,11388,950,11400
2020,"Brown County, OH HUD Metro FMR Area",471,5652,541,6492,713,8556,933,11196,966,11592
2020,"Canton-Massillon, OH MSA",500,6000,579,6948,763,9156,972,11664,1034,12408
2020,"Canton-Massillon, OH MSA",500,6000,579,6948,763,9156,972,11664,1034,12408
2020,"Champaign County, OH",556,6672,559,6708,702,8424,998,11976,1190,14280
2020,"Cincinnati, OH-KY-IN  HUD Metro FMR Area",568,6816,658,7896,865,10380,1185,14220,1362,16344
2020,"Cincinnati, OH-KY-IN  HUD Metro FMR Area",568,6816,658,7896,865,10380,1185,14220,1362,16344
2020,"Cincinnati, OH-KY-IN  HUD Metro FMR Area",568,6816,658,7896,865,10380,1185,14220,1362,16344
2020,"Cincinnati, OH-KY-IN  HUD Metro FMR Area",568,6816,658,7896,865,10380,1185,14220,1362,16344
2020,"Cincinnati, OH-KY-IN  HUD Metro FMR Area",568,6816,658,7896,865,10380,1185,14220,1362,16344
2020,"Cincinnati, OH-KY-IN  HUD Metro FMR Area",568,6816,658,7896,865,10380,1185,14220,1362,16344
2020,"Cincinnati, OH-KY-IN  HUD Metro FMR Area",568,6816,658,7896,865,10380,1185,14220,1362,16344
2020,"Cincinnati, OH-KY-IN  HUD Metro FMR Area",568,6816,658,7896,865,10380,1185,14220,1362,16344
2020,"Cincinnati, OH-KY-IN  HUD Metro FMR Area",568,6816,658,7896,865,10380,1185,14220,1362,16344
2020,"Cincinnati, OH-KY-IN  HUD Metro FMR Area",568,6816,658,7896,865,10380,1185,14220,1362,16344
2020,"Cincinnati, OH-KY-IN  HUD Metro FMR Area",568,6816,658,7896,865,10380,1185,14220,1362,16344
2020,"Cincinnati, OH-KY-IN  HUD Metro FMR Area",568,6816,658,7896,865,10380,1185,14220,1362,16344
2020,"Cleveland-Elyria, OH MSA",585,7020,691,8292,849,10188,1119,13428,1174,14088
2020,"Cleveland-Elyria, OH MSA",585,7020,691,8292,849,10188,1119,13428,1174,14088
2020,"Cleveland-Elyria, OH MSA",585,7020,691,8292,849,10188,1119,13428,1174,14088
2020,"Cleveland-Elyria, OH MSA",585,7020,691,8292,849,10188,1119,13428,1174,14088
2020,"Cleveland-Elyria, OH MSA",585,7020,691,8292,849,10188,1119,13428,1174,14088
2020,"Clinton County, OH",473,5676,588,7056,726,8712,980,11760,1189,14268
2020,"Columbiana County, OH",473,5676,590,7080,696,8352,927,11124,1044,12528
2020,"Columbus, OH HUD Metro FMR Area",677,8124,794,9528,992,11904,1262,15144,1449,17388
2020,"Columbus, OH HUD Metro FMR Area",677,8124,794,9528,992,11904,1262,15144,1449,17388
2020,"Columbus, OH HUD Metro FMR Area",677,8124,794,9528,992,11904,1262,15144,1449,17388
2020,"Columbus, OH HUD Metro FMR Area",677,8124,794,9528,992,11904,1262,15144,1449,17388
2020,"Columbus, OH HUD Metro FMR Area",677,8124,794,9528,992,11904,1262,15144,1449,17388
2020,"Columbus, OH HUD Metro FMR Area",677,8124,794,9528,992,11904,1262,15144,1449,17388
2020,"Columbus, OH HUD Metro FMR Area",677,8124,794,9528,992,11904,1262,15144,1449,17388
2020,"Coshocton County, OH",517,6204,532,6384,696,8352,887,10644,1012,12144
2020,"Crawford County, OH",563,6756,567,6804,696,8352,872,10464,943,11316
2020,"Darke County, OH",531,6372,534,6408,696,8352,939,11268,943,11316
2020,"Dayton-Kettering, OH MSA",523,6276,596,7152,777,9324,1045,12540,1143,13716
2020,"Dayton-Kettering, OH MSA",523,6276,596,7152,777,9324,1045,12540,1143,13716
2020,"Dayton-Kettering, OH MSA",523,6276,596,7152,777,9324,1045,12540,1143,13716
2020,"Defiance County, OH",523,6276,528,6336,696,8352,960,11520,1027,12324
2020,"Erie County, OH",516,6192,581,6972,758,9096,958,11496,1153,13836
2020,"Fayette County, OH",508,6096,583,6996,737,8844,918,11016,1057,12684
2020,"Gallia County, OH",517,6204,564,6768,696,8352,867,10404,997,11964
2020,"Guernsey County, OH",517,6204,551,6612,696,8352,867,10404,1059,12708
2020,"Hancock County, OH",576,6912,580,6960,757,9084,1018,12216,1316,15792
2020,"Hardin County, OH",517,6204,536,6432,696,8352,917,11004,943,11316
2020,"Harrison County, OH",517,6204,555,6660,696,8352,867,10404,1040,12480
2020,"Henry County, OH",517,6204,611,7332,696,8352,987,11844,991,11892
2020,"Highland County, OH",517,6204,568,6816,696,8352,967,11604,1052,12624
2020,"Hocking County, OH HUD Metro FMR Area",548,6576,551,6612,696,8352,972,11664,1079,12948
2020,"Holmes County, OH",517,6204,528,6336,696,8352,867,10404,943,11316
2020,"Huron County, OH",526,6312,528,6336,696,8352,904,10848,1022,12264
2020,"Jackson County, OH",519,6228,531,6372,699,8388,918,11016,1102,13224
2020,"Knox County, OH",564,6768,566,6792,707,8484,938,11256,984,11808
2020,"Lima, OH MSA",516,6192,594,7128,712,8544,953,11436,987,11844
2020,"Logan County, OH",570,6840,582,6984,767,9204,985,11820,1039,12468
2020,"Mansfield, OH MSA",469,5628,528,6336,696,8352,927,11124,1086,13032
2020,"Marion County, OH",524,6288,582,6984,767,9204,956,11472,1039,12468
2020,"Meigs County, OH",453,5436,611,7332,696,8352,867,10404,1151,13812
2020,"Mercer County, OH",525,6300,528,6336,696,8352,896,10752,944,11328
2020,"Monroe County, OH",517,6204,611,7332,696,8352,953,11436,1098,13176
2020,"Morgan County, OH",517,6204,611,7332,696,8352,867,10404,977,11724
2020,"Muskingum County, OH",499,5988,568,6816,719,8628,896,10752,1066,12792
2020,"Noble County, OH",518,6216,593,7116,698,8376,870,10440,946,11352
2020,"Ottawa County, OH HUD Metro FMR Area",531,6372,574,6888,715,8580,891,10692,1073,12876
2020,"Paulding County, OH",517,6204,592,7104,696,8352,893,10716,974,11688
2020,"Perry County, OH HUD Metro FMR Area",498,5976,554,6648,729,8748,916,10992,1109,13308
2020,"Pike County, OH",517,6204,576,6912,696,8352,935,11220,1037,12444
2020,"Preble County, OH",518,6216,536,6432,706,8472,981,11772,984,11808
2020,"Putnam County, OH",517,6204,586,7032,696,8352,885,10620,967,11604
2020,"Ross County, OH",586,7032,590,7080,761,9132,948,11376,1031,12372
2020,"Sandusky County, OH",519,6228,559,6708,699,8388,940,11280,1026,12312
2020,"Scioto County, OH",468,5616,611,7332,696,8352,1004,12048,1062,12744
2020,"Seneca County, OH",528,6336,542,6504,696,8352,898,10776,961,11532
2020,"Shelby County, OH",523,6276,585,7020,704,8448,915,10980,1027,12324
2020,"Springfield, OH MSA",496,5952,590,7080,761,9132,962,11544,1031,12372
2020,"Toledo, OH HUD Metro FMR Area",505,6060,592,7104,767,9204,1044,12528,1150,13800
2020,"Toledo, OH HUD Metro FMR Area",505,6060,592,7104,767,9204,1044,12528,1150,13800
2020,"Toledo, OH HUD Metro FMR Area",505,6060,592,7104,767,9204,1044,12528,1150,13800
2020,"Tuscarawas County, OH",496,5952,575,6900,757,9084,943,11316,1025,12300
2020,"Union County, OH HUD Metro FMR Area",675,8100,751,9012,989,11868,1252,15024,1401,16812
2020,"Van Wert County, OH",518,6216,530,6360,698,8376,942,11304,946,11352
2020,"Vinton County, OH",517,6204,611,7332,696,8352,902,10824,1222,14664
2020,"Washington County, OH",517,6204,540,6480,696,8352,868,10416,1022,12264
2020,"Wayne County, OH",563,6756,566,6792,731,8772,923,11076,1035,12420
2020,"Williams County, OH",517,6204,556,6672,696,8352,897,10764,996,11952
2020,"Wyandot County, OH",517,6204,539,6468,696,8352,867,10404,943,11316
2020,"Youngstown-Warren-Boardman, OH HUD Metro FMR Area",482,5784,557,6684,700,8400,917,11004,1003,12036
2020,"Youngstown-Warren-Boardman, OH HUD Metro FMR Area",482,5784,557,6684,700,8400,917,11004,1003,12036
2021,"Adams County, OH",548,6576,605,7260,734,8808,950,11400,995,11940
2021,"Akron, OH MSA",566,6792,664,7968,849,10188,1069,12828,1151,13812
2021,"Akron, OH MSA",566,6792,664,7968,849,10188,1069,12828,1151,13812
2021,"Ashland County, OH",490,5880,564,6768,743,8916,949,11388,1195,14340
2021,"Ashtabula County, OH",497,5964,557,6684,734,8808,983,11796,1031,12372
2021,"Athens County, OH",722,8664,739,8868,842,10104,1047,12564,1142,13704
2021,"Auglaize County, OH",555,6660,583,6996,734,8808,1031,12372,1086,13032
2021,"Brown County, OH HUD Metro FMR Area",487,5844,560,6720,738,8856,927,11124,1001,12012
2021,"Canton-Massillon, OH MSA",495,5940,570,6840,751,9012,958,11496,1018,12216
2021,"Canton-Massillon, OH MSA",495,5940,570,6840,751,9012,958,11496,1018,12216
2021,"Champaign County, OH",552,6624,581,6972,740,8880,1047,12564,1174,14088
2021,"Cincinnati, OH-KY-IN  HUD Metro FMR Area",604,7248,698,8376,916,10992,1244,14928,1425,17100
2021,"Cincinnati, OH-KY-IN  HUD Metro FMR Area",604,7248,698,8376,916,10992,1244,14928,1425,17100
2021,"Cincinnati, OH-KY-IN  HUD Metro FMR Area",604,7248,698,8376,916,10992,1244,14928,1425,17100
2021,"Cincinnati, OH-KY-IN  HUD Metro FMR Area",604,7248,698,8376,916,10992,1244,14928,1425,17100
2021,"Cincinnati, OH-KY-IN  HUD Metro FMR Area",604,7248,698,8376,916,10992,1244,14928,1425,17100
2021,"Cincinnati, OH-KY-IN  HUD Metro FMR Area",604,7248,698,8376,916,10992,1244,14928,1425,17100
2021,"Cincinnati, OH-KY-IN  HUD Metro FMR Area",604,7248,698,8376,916,10992,1244,14928,1425,17100
2021,"Cincinnati, OH-KY-IN  HUD Metro FMR Area",604,7248,698,8376,916,10992,1244,14928,1425,17100
2021,"Cincinnati, OH-KY-IN  HUD Metro FMR Area",604,7248,698,8376,916,10992,1244,14928,1425,17100
2021,"Cincinnati, OH-KY-IN  HUD Metro FMR Area",604,7248,698,8376,916,10992,1244,14928,1425,17100
2021,"Cincinnati, OH-KY-IN  HUD Metro FMR Area",604,7248,698,8376,916,10992,1244,14928,1425,17100
2021,"Cincinnati, OH-KY-IN  HUD Metro FMR Area",604,7248,698,8376,916,10992,1244,14928,1425,17100
2021,"Cleveland-Elyria, OH MSA",599,7188,705,8460,865,10380,1137,13644,1188,14256
2021,"Cleveland-Elyria, OH MSA",599,7188,705,8460,865,10380,1137,13644,1188,14256
2021,"Cleveland-Elyria, OH MSA",599,7188,705,8460,865,10380,1137,13644,1188,14256
2021,"Cleveland-Elyria, OH MSA",599,7188,705,8460,865,10380,1137,13644,1188,14256
2021,"Cleveland-Elyria, OH MSA",599,7188,705,8460,865,10380,1137,13644,1188,14256
2021,"Clinton County, OH",490,5880,610,7320,742,8904,1000,12000,1209,14508
2021,"Columbiana County, OH",487,5844,627,7524,734,8808,981,11772,1063,12756
2021,"Columbus, OH HUD Metro FMR Area",717,8604,827,9924,1031,12372,1298,15576,1468,17616
2021,"Columbus, OH HUD Metro FMR Area",717,8604,827,9924,1031,12372,1298,15576,1468,17616
2021,"Columbus, OH HUD Metro FMR Area",717,8604,827,9924,1031,12372,1298,15576,1468,17616
2021,"Columbus, OH HUD Metro FMR Area",717,8604,827,9924,1031,12372,1298,15576,1468,17616
2021,"Columbus, OH HUD Metro FMR Area",717,8604,827,9924,1031,12372,1298,15576,1468,17616
2021,"Columbus, OH HUD Metro FMR Area",717,8604,827,9924,1031,12372,1298,15576,1468,17616
2021,"Columbus, OH HUD Metro FMR Area",717,8604,827,9924,1031,12372,1298,15576,1468,17616
2021,"Coshocton County, OH",548,6576,560,6720,734,8808,957,11484,1091,13092
2021,"Crawford County, OH",573,6876,605,7260,734,8808,918,11016,995,11940
2021,"Darke County, OH",548,6576,583,6996,734,8808,993,11916,995,11940
2021,"Dayton-Kettering, OH MSA",563,6756,647,7764,836,10032,1122,13464,1214,14568
2021,"Dayton-Kettering, OH MSA",563,6756,647,7764,836,10032,1122,13464,1214,14568
2021,"Dayton-Kettering, OH MSA",563,6756,647,7764,836,10032,1122,13464,1214,14568
2021,"Defiance County, OH",557,6684,561,6732,739,8868,1027,12324,1036,12432
2021,"Erie County, OH",586,7032,633,7596,815,9780,1016,12192,1245,14940
2021,"Fayette County, OH",535,6420,610,7320,769,9228,956,11472,1062,12744
2021,"Gallia County, OH",548,6576,580,6960,734,8808,913,10956,1076,12912
2021,"Guernsey County, OH",552,6624,562,6744,740,8880,925,11100,1130,13560
2021,"Hancock County, OH",624,7488,625,7500,801,9612,1063,12756,1387,16644
2021,"Hardin County, OH",548,6576,586,7032,734,8808,967,11604,995,11940
2021,"Harrison County, OH",548,6576,588,7056,734,8808,913,10956,1057,12684
2021,"Henry County, OH",548,6576,644,7728,734,8808,1036,12432,1055,12660
2021,"Highland County, OH",587,7044,590,7080,734,8808,1001,12012,1069,12828
2021,"Hocking County, OH HUD Metro FMR Area",563,6756,567,6804,734,8808,1016,12192,1071,12852
2021,"Holmes County, OH",548,6576,557,6684,734,8808,913,10956,995,11940
2021,"Huron County, OH",567,6804,568,6816,749,8988,961,11532,1071,12852
2021,"Jackson County, OH",548,6576,558,6696,735,8820,985,11820,1159,13908
2021,"Knox County, OH",607,7284,610,7320,755,9060,1007,12084,1024,12288
2021,"Lima, OH MSA",538,6456,615,7380,747,8964,986,11832,1072,12864
2021,"Logan County, OH",596,7152,606,7272,799,9588,1039,12468,1083,12996
2021,"Mansfield, OH MSA",495,5940,557,6684,734,8808,982,11784,1159,13908
2021,"Marion County, OH",604,7248,619,7428,816,9792,1015,12180,1107,13284
2021,"Meigs County, OH",484,5808,644,7728,734,8808,913,10956,1246,14952
2021,"Mercer County, OH",553,6636,557,6684,734,8808,955,11460,995,11940
2021,"Monroe County, OH",548,6576,644,7728,734,8808,965,11580,1105,13260
2021,"Morgan County, OH",548,6576,644,7728,734,8808,913,10956,1029,12348
2021,"Muskingum County, OH",576,6912,579,6948,754,9048,938,11256,1099,13188
2021,"Noble County, OH",548,6576,644,7728,734,8808,913,10956,995,11940
2021,"Ottawa County, OH HUD Metro FMR Area",593,7116,633,7596,795,9540,989,11868,1164,13968
2021,"Paulding County, OH",548,6576,632,7584,734,8808,970,11640,1000,12000
2021,"Perry County, OH HUD Metro FMR Area",511,6132,557,6684,734,8808,913,10956,1138,13656
2021,"Pike County, OH",548,6576,605,7260,734,8808,979,11748,1083,12996
2021,"Preble County, OH",568,6816,572,6864,754,9048,1027,12324,1125,13500
2021,"Putnam County, OH",548,6576,612,7344,734,8808,913,10956,1002,12024
2021,"Ross County, OH",616,7392,623,7476,792,9504,985,11820,1074,12888
2021,"Sandusky County, OH",557,6684,598,7176,747,8964,1018,12216,1100,13200
2021,"Scioto County, OH",530,6360,644,7728,734,8808,1050,12600,1148,13776
2021,"Seneca County, OH",543,6516,594,7128,748,8976,937,11244,1027,12324
2021,"Shelby County, OH",549,6588,614,7368,736,8832,999,11988,1076,12912
2021,"Springfield, OH MSA",523,6276,612,7344,792,9504,997,11964,1074,12888
2021,"Toledo, OH HUD Metro FMR Area",535,6420,613,7356,793,9516,1077,12924,1179,14148
2021,"Toledo, OH HUD Metro FMR Area",535,6420,613,7356,793,9516,1077,12924,1179,14148
2021,"Toledo, OH HUD Metro FMR Area",535,6420,613,7356,793,9516,1077,12924,1179,14148
2021,"Tuscarawas County, OH",581,6972,606,7272,799,9588,994,11928,1083,12996
2021,"Union County, OH HUD Metro FMR Area",752,9024,820,9840,1081,12972,1345,16140,1553,18636
2021,"Van Wert County, OH",548,6576,559,6708,734,8808,992,11904,995,11940
2021,"Vinton County, OH",548,6576,644,7728,734,8808,913,10956,1271,15252
2021,"Washington County, OH",550,6600,576,6912,737,8844,917,11004,1062,12744
2021,"Wayne County, OH",600,7200,604,7248,796,9552,1011,12132,1118,13416
2021,"Williams County, OH",548,6576,586,7032,734,8808,934,11208,1009,12108
2021,"Wyandot County, OH",548,6576,579,6948,734,8808,913,10956,995,11940
2021,"Youngstown-Warren-Boardman, OH HUD Metro FMR Area",511,6132,585,7020,734,8808,966,11592,1036,12432
2021,"Youngstown-Warren-Boardman, OH HUD Metro FMR Area",511,6132,585,7020,734,8808,966,11592,1036,12432
2022,"Adams County, OH",547,6564,591,7092,738,8856,940,11280,1001,12012
2022,"Akron, OH MSA",610,7320,702,8424,890,10680,1126,13512,1207,14484
2022,"Akron, OH MSA",610,7320,702,8424,890,10680,1126,13512,1207,14484
2022,"Ashland County, OH",490,5880,561,6732,738,8856,930,11160,1198,14376
2022,"Ashtabula County, OH",495,5940,566,6792,738,8856,982,11784,1040,12480
2022,"Athens County, OH",738,8856,762,9144,868,10416,1073,12876,1177,14124
2022,"Auglaize County, OH",556,6672,591,7092,738,8856,1048,12576,1152,13824
2022,"Brown County, OH HUD Metro FMR Area",527,6324,603,7236,793,9516,980,11760,1075,12900
2022,"Canton-Massillon, OH MSA",510,6120,584,7008,768,9216,976,11712,1041,12492
2022,"Canton-Massillon, OH MSA",510,6120,584,7008,768,9216,976,11712,1041,12492
2022,"Champaign County, OH",556,6672,579,6948,750,9000,1041,12492,1144,13728
2022,"Cincinnati, OH-KY-IN  HUD Metro FMR Area",643,7716,742,8904,968,11616,1302,15624,1483,17796
2022,"Cincinnati, OH-KY-IN  HUD Metro FMR Area",643,7716,742,8904,968,11616,1302,15624,1483,17796
2022,"Cincinnati, OH-KY-IN  HUD Metro FMR Area",643,7716,742,8904,968,11616,1302,15624,1483,17796
2022,"Cincinnati, OH-KY-IN  HUD Metro FMR Area",643,7716,742,8904,968,11616,1302,15624,1483,17796
2022,"Cincinnati, OH-KY-IN  HUD Metro FMR Area",643,7716,742,8904,968,11616,1302,15624,1483,17796
2022,"Cincinnati, OH-KY-IN  HUD Metro FMR Area",643,7716,742,8904,968,11616,1302,15624,1483,17796
2022,"Cincinnati, OH-KY-IN  HUD Metro FMR Area",643,7716,742,8904,968,11616,1302,15624,1483,17796
2022,"Cincinnati, OH-KY-IN  HUD Metro FMR Area",643,7716,742,8904,968,11616,1302,15624,1483,17796
2022,"Cincinnati, OH-KY-IN  HUD Metro FMR Area",643,7716,742,8904,968,11616,1302,15624,1483,17796
2022,"Cincinnati, OH-KY-IN  HUD Metro FMR Area",643,7716,742,8904,968,11616,1302,15624,1483,17796
2022,"Cincinnati, OH-KY-IN  HUD Metro FMR Area",643,7716,742,8904,968,11616,1302,15624,1483,17796
2022,"Cincinnati, OH-KY-IN  HUD Metro FMR Area",643,7716,742,8904,968,11616,1302,15624,1483,17796
2022,"Cleveland-Elyria, OH MSA",632,7584,732,8784,893,10716,1169,14028,1224,14688
2022,"Cleveland-Elyria, OH MSA",632,7584,732,8784,893,10716,1169,14028,1224,14688
2022,"Cleveland-Elyria, OH MSA",632,7584,732,8784,893,10716,1169,14028,1224,14688
2022,"Cleveland-Elyria, OH MSA",632,7584,732,8784,893,10716,1169,14028,1224,14688
2022,"Cleveland-Elyria, OH MSA",632,7584,732,8784,893,10716,1169,14028,1224,14688
2022,"Clinton County, OH",513,6156,629,7548,772,9264,1027,12324,1221,14652
2022,"Columbiana County, OH",490,5880,635,7620,738,8856,992,11904,1075,12900
2022,"Columbus, OH HUD Metro FMR Area",730,8760,829,9948,1032,12384,1281,15372,1426,17112
2022,"Columbus, OH HUD Metro FMR Area",730,8760,829,9948,1032,12384,1281,15372,1426,17112
2022,"Columbus, OH HUD Metro FMR Area",730,8760,829,9948,1032,12384,1281,15372,1426,17112
2022,"Columbus, OH HUD Metro FMR Area",730,8760,829,9948,1032,12384,1281,15372,1426,17112
2022,"Columbus, OH HUD Metro FMR Area",730,8760,829,9948,1032,12384,1281,15372,1426,17112
2022,"Columbus, OH HUD Metro FMR Area",730,8760,829,9948,1032,12384,1281,15372,1426,17112
2022,"Columbus, OH HUD Metro FMR Area",730,8760,829,9948,1032,12384,1281,15372,1426,17112
2022,"Coshocton County, OH",547,6564,563,6756,738,8856,1000,12000,1104,13248
2022,"Crawford County, OH",534,6408,610,7320,738,8856,938,11256,1001,12012
2022,"Darke County, OH",547,6564,609,7308,738,8856,999,11988,1002,12024
2022,"Dayton-Kettering, OH MSA",606,7272,680,8160,872,10464,1164,13968,1248,14976
2022,"Dayton-Kettering, OH MSA",606,7272,680,8160,872,10464,1164,13968,1248,14976
2022,"Dayton-Kettering, OH MSA",606,7272,680,8160,872,10464,1164,13968,1248,14976
2022,"Defiance County, OH",572,6864,576,6912,758,9096,1054,12648,1096,13152
2022,"Erie County, OH",636,7632,645,7740,808,9696,999,11988,1224,14688
2022,"Fayette County, OH",526,6312,596,7152,750,9000,936,11232,1027,12324
2022,"Gallia County, OH",547,6564,611,7332,738,8856,912,10944,1082,12984
2022,"Guernsey County, OH",497,5964,561,6732,738,8856,932,11184,1147,13764
2022,"Hancock County, OH",562,6744,647,7764,820,9840,1075,12900,1404,16848
2022,"Hardin County, OH",547,6564,608,7296,738,8856,948,11376,1001,12012
2022,"Harrison County, OH",547,6564,563,6756,738,8856,924,11088,1001,12012
2022,"Henry County, OH",547,6564,648,7776,738,8856,1001,12012,1098,13176
2022,"Highland County, OH",590,7080,594,7128,738,8856,992,11904,1051,12612
2022,"Hocking County, OH HUD Metro FMR Area",557,6684,561,6732,738,8856,1032,12384,1054,12648
2022,"Holmes County, OH",547,6564,561,6732,738,8856,912,10944,1001,12012
2022,"Huron County, OH",568,6816,575,6900,756,9072,965,11580,1042,12504
2022,"Jackson County, OH",547,6564,561,6732,738,8856,1005,12060,1177,14124
2022,"Knox County, OH",600,7200,604,7248,746,8952,1007,12084,1012,12144
2022,"Lima, OH MSA",567,6804,622,7464,767,9204,999,11988,1120,13440
2022,"Logan County, OH",584,7008,599,7188,788,9456,1018,12216,1069,12828
2022,"Mansfield, OH MSA",497,5964,563,6756,738,8856,994,11928,1157,13884
2022,"Marion County, OH",624,7488,629,7548,827,9924,1022,12264,1121,13452
2022,"Meigs County, OH",490,5880,648,7776,738,8856,912,10944,1263,15156
2022,"Mercer County, OH",557,6684,561,6732,738,8856,984,11808,1001,12012
2022,"Monroe County, OH",547,6564,648,7776,738,8856,948,11376,1070,12840
2022,"Morgan County, OH",547,6564,639,7668,738,8856,912,10944,1037,12444
2022,"Muskingum County, OH",568,6816,572,6864,752,9024,957,11484,1056,12672
2022,"Noble County, OH",547,6564,648,7776,738,8856,912,10944,1037,12444
2022,"Ottawa County, OH HUD Metro FMR Area",538,6456,617,7404,785,9420,970,11640,1148,13776
2022,"Paulding County, OH",547,6564,643,7716,738,8856,995,11940,1060,12720
2022,"Perry County, OH HUD Metro FMR Area",523,6276,561,6732,738,8856,912,10944,1060,12720
2022,"Pike County, OH",547,6564,583,6996,738,8856,946,11352,1062,12744
2022,"Preble County, OH",578,6936,582,6984,766,9192,1009,12108,1200,14400
2022,"Putnam County, OH",547,6564,628,7536,738,8856,912,10944,1001,12012
2022,"Ross County, OH",572,6864,617,7404,784,9408,969,11628,1063,12756
2022,"Sandusky County, OH",552,6624,598,7176,744,8928,1040,12480,1109,13308
2022,"Scioto County, OH",585,7020,648,7776,738,8856,1048,12576,1125,13500
2022,"Seneca County, OH",523,6276,589,7068,738,8856,917,11004,1026,12312
2022,"Shelby County, OH",521,6252,617,7404,740,8880,1002,12024,1087,13044
2022,"Springfield, OH MSA",564,6768,635,7620,821,9852,1020,12240,1113,13356
2022,"Toledo, OH HUD Metro FMR Area",553,6636,623,7476,806,9672,1094,13128,1193,14316
2022,"Toledo, OH HUD Metro FMR Area",553,6636,623,7476,806,9672,1094,13128,1193,14316
2022,"Toledo, OH HUD Metro FMR Area",553,6636,623,7476,806,9672,1094,13128,1193,14316
2022,"Tuscarawas County, OH",612,7344,616,7392,811,9732,1004,12048,1135,13620
2022,"Union County, OH HUD Metro FMR Area",757,9084,812,9744,1069,12828,1321,15852,1450,17400
2022,"Van Wert County, OH",547,6564,568,6816,738,8856,990,11880,1001,12012
2022,"Vinton County, OH",547,6564,607,7284,738,8856,912,10944,1204,14448
2022,"Washington County, OH",580,6960,584,7008,738,8856,912,10944,1072,12864
2022,"Wayne County, OH",584,7008,598,7176,787,9444,1018,12216,1118,13416
2022,"Williams County, OH",547,6564,599,7188,738,8856,924,11088,1001,12012
2022,"Wyandot County, OH",547,6564,597,7164,738,8856,912,10944,1005,12060
2022,"Youngstown-Warren-Boardman, OH HUD Metro FMR Area",522,6264,589,7068,738,8856,977,11724,1038,12456
2022,"Youngstown-Warren-Boardman, OH HUD Metro FMR Area",522,6264,589,7068,738,8856,977,11724,1038,12456
2023,"Adams County, OH",587,7044,603,7236,794,9528,999,11988,1067,12804
2023,"Akron, OH MSA",712,8544,809,9708,1027,12324,1297,15564,1380,16560
2023,"Akron, OH MSA",712,8544,809,9708,1027,12324,1297,15564,1380,16560
2023,"Ashland County, OH",531,6372,603,7236,794,9528,1010,12120,1288,15456
2023,"Ashtabula County, OH",531,6372,617,7404,794,9528,1021,12252,1119,13428
2023,"Athens County, OH",779,9348,792,9504,926,11112,1127,13524,1303,15636
2023,"Auglaize County, OH",641,7692,645,7740,794,9528,1128,13536,1310,15720
2023,"Brown County, OH HUD Metro FMR Area",666,7992,670,8040,882,10584,1104,13248,1247,14964
2023,"Canton-Massillon, OH MSA",576,6912,654,7848,861,10332,1086,13032,1157,13884
2023,"Canton-Massillon, OH MSA",576,6912,654,7848,861,10332,1086,13032,1157,13884
2023,"Champaign County, OH",643,7716,647,7764,822,9864,1128,13536,1193,14316
2023,"Cincinnati, OH-KY-IN  HUD Metro FMR Area",731,8772,839,10068,1093,13116,1464,17568,1645,19740
2023,"Cincinnati, OH-KY-IN  HUD Metro FMR Area",731,8772,839,10068,1093,13116,1464,17568,1645,19740
2023,"Cincinnati, OH-KY-IN  HUD Metro FMR Area",731,8772,839,10068,1093,13116,1464,17568,1645,19740
2023,"Cincinnati, OH-KY-IN  HUD Metro FMR Area",731,8772,839,10068,1093,13116,1464,17568,1645,19740
2023,"Cincinnati, OH-KY-IN  HUD Metro FMR Area",731,8772,839,10068,1093,13116,1464,17568,1645,19740
2023,"Cincinnati, OH-KY-IN  HUD Metro FMR Area",731,8772,839,10068,1093,13116,1464,17568,1645,19740
2023,"Cincinnati, OH-KY-IN  HUD Metro FMR Area",731,8772,839,10068,1093,13116,1464,17568,1645,19740
2023,"Cincinnati, OH-KY-IN  HUD Metro FMR Area",731,8772,839,10068,1093,13116,1464,17568,1645,19740
2023,"Cincinnati, OH-KY-IN  HUD Metro FMR Area",731,8772,839,10068,1093,13116,1464,17568,1645,19740
2023,"Cincinnati, OH-KY-IN  HUD Metro FMR Area",731,8772,839,10068,1093,13116,1464,17568,1645,19740
2023,"Cincinnati, OH-KY-IN  HUD Metro FMR Area",731,8772,839,10068,1093,13116,1464,17568,1645,19740
2023,"Cincinnati, OH-KY-IN  HUD Metro FMR Area",731,8772,839,10068,1093,13116,1464,17568,1645,19740
2023,"Cleveland-Elyria, OH MSA",719,8628,820,9840,998,11976,1296,15552,1369,16428
2023,"Cleveland-Elyria, OH MSA",719,8628,820,9840,998,11976,1296,15552,1369,16428
2023,"Cleveland-Elyria, OH MSA",719,8628,820,9840,998,11976,1296,15552,1369,16428
2023,"Cleveland-Elyria, OH MSA",719,8628,820,9840,998,11976,1296,15552,1369,16428
2023,"Cleveland-Elyria, OH MSA",719,8628,820,9840,998,11976,1296,15552,1369,16428
2023,"Clinton County, OH",618,7416,684,8208,837,10044,1092,13104,1288,15456
2023,"Columbiana County, OH",531,6372,662,7944,794,9528,1048,12576,1116,13392
2023,"Columbus, OH HUD Metro FMR Area",842,10104,941,11292,1163,13956,1426,17112,1577,18924
2023,"Columbus, OH HUD Metro FMR Area",842,10104,941,11292,1163,13956,1426,17112,1577,18924
2023,"Columbus, OH HUD Metro FMR Area",842,10104,941,11292,1163,13956,1426,17112,1577,18924
2023,"Columbus, OH HUD Metro FMR Area",842,10104,941,11292,1163,13956,1426,17112,1577,18924
2023,"Columbus, OH HUD Metro FMR Area",842,10104,941,11292,1163,13956,1426,17112,1577,18924
2023,"Columbus, OH HUD Metro FMR Area",842,10104,941,11292,1163,13956,1426,17112,1577,18924
2023,"Columbus, OH HUD Metro FMR Area",842,10104,941,11292,1163,13956,1426,17112,1577,18924
2023,"Coshocton County, OH",587,7044,637,7644,794,9528,1098,13176,1214,14568
2023,"Crawford County, OH",541,6492,655,7860,794,9528,1033,12396,1067,12804
2023,"Darke County, OH",587,7044,682,8184,794,9528,1084,13008,1137,13644
2023,"Dayton-Kettering, OH MSA",684,8208,757,9084,969,11628,1271,15252,1385,16620
2023,"Dayton-Kettering, OH MSA",684,8208,757,9084,969,11628,1271,15252,1385,16620
2023,"Dayton-Kettering, OH MSA",684,8208,757,9084,969,11628,1271,15252,1385,16620
2023,"Defiance County, OH",626,7512,631,7572,831,9972,1117,13404,1180,14160
2023,"Erie County, OH",726,8712,731,8772,912,10944,1110,13320,1375,16500
2023,"Fayette County, OH",566,6792,655,7860,807,9684,1026,12312,1144,13728
2023,"Gallia County, OH",587,7044,680,8160,794,9528,966,11592,1155,13860
2023,"Guernsey County, OH",571,6852,649,7788,854,10248,1069,12828,1301,15612
2023,"Hancock County, OH",605,7260,709,8508,905,10860,1170,14040,1477,17724
2023,"Hardin County, OH",587,7044,655,7860,794,9528,1021,12252,1105,13260
2023,"Harrison County, OH",587,7044,603,7236,794,9528,1063,12756,1067,12804
2023,"Henry County, OH",552,6624,703,8436,794,9528,1053,12636,1228,14736
2023,"Highland County, OH",587,7044,646,7752,794,9528,1018,12216,1187,14244
2023,"Hocking County, OH HUD Metro FMR Area",602,7224,606,7272,794,9528,1114,13368,1118,13416
2023,"Holmes County, OH",587,7044,603,7236,794,9528,978,11736,1067,12804
2023,"Huron County, OH",599,7188,615,7380,810,9720,1050,12600,1143,13716
2023,"Jackson County, OH",587,7044,607,7284,794,9528,1091,13092,1260,15120
2023,"Knox County, OH",635,7620,686,8232,859,10308,1149,13788,1154,13848
2023,"Lima, OH MSA",657,7884,680,8160,854,10248,1086,13032,1246,14952
2023,"Logan County, OH",615,7380,632,7584,832,9984,1068,12816,1118,13416
2023,"Mansfield, OH MSA",554,6648,620,7440,794,9528,1073,12876,1258,15096
2023,"Marion County, OH",657,7884,675,8100,889,10668,1082,12984,1194,14328
2023,"Meigs County, OH",531,6372,693,8316,794,9528,968,11616,1352,16224
2023,"Mercer County, OH",599,7188,603,7236,794,9528,1063,12756,1067,12804
2023,"Monroe County, OH",587,7044,651,7812,794,9528,1007,12084,1095,13140
2023,"Morgan County, OH",587,7044,703,8436,794,9528,966,11592,1232,14784
2023,"Muskingum County, OH",615,7380,619,7428,806,9672,1062,12744,1122,13464
2023,"Noble County, OH",587,7044,703,8436,794,9528,966,11592,1119,13428
2023,"Ottawa County, OH HUD Metro FMR Area",619,7428,703,8436,926,11112,1127,13524,1276,15312
2023,"Paulding County, OH",587,7044,691,8292,794,9528,1079,12948,1182,14184
2023,"Perry County, OH HUD Metro FMR Area",578,6936,606,7272,798,9576,983,11796,1072,12864
2023,"Pike County, OH",587,7044,606,7272,794,9528,978,11736,1146,13752
2023,"Preble County, OH",619,7428,623,7476,820,9840,1066,12792,1301,15612
2023,"Putnam County, OH",587,7044,665,7980,794,9528,966,11592,1067,12804
2023,"Ross County, OH",624,7488,690,8280,856,10272,1045,12540,1168,14016
2023,"Sandusky County, OH",594,7128,648,7776,804,9648,1143,13716,1203,14436
2023,"Scioto County, OH",589,7068,703,8436,794,9528,1109,13308,1213,14556
2023,"Seneca County, OH",585,7020,624,7488,794,9528,989,11868,1133,13596
2023,"Shelby County, OH",566,6792,660,7920,811,9732,1102,13224,1204,14448
2023,"Springfield, OH MSA",609,7308,691,8292,909,10908,1108,13296,1221,14652
2023,"Toledo, OH HUD Metro FMR Area",637,7644,698,8376,906,10872,1218,14616,1310,15720
2023,"Toledo, OH HUD Metro FMR Area",637,7644,698,8376,906,10872,1218,14616,1310,15720
2023,"Toledo, OH HUD Metro FMR Area",637,7644,698,8376,906,10872,1218,14616,1310,15720
2023,"Tuscarawas County, OH",651,7812,655,7860,862,10344,1076,12912,1243,14916
2023,"Union County, OH HUD Metro FMR Area",859,10308,900,10800,1185,14220,1442,17304,1592,19104
2023,"Van Wert County, OH",587,7044,612,7344,794,9528,1036,12432,1067,12804
2023,"Vinton County, OH",587,7044,618,7416,794,9528,966,11592,1102,13224
2023,"Washington County, OH",610,7320,614,7368,794,9528,991,11892,1130,13560
2023,"Wayne County, OH",611,7332,654,7848,861,10332,1103,13236,1205,14460
2023,"Williams County, OH",531,6372,669,8028,794,9528,1007,12084,1067,12804
2023,"Wyandot County, OH",587,7044,652,7824,794,9528,966,11592,1148,13776
2023,"Youngstown-Warren-Boardman, OH HUD Metro FMR Area",573,6876,632,7584,794,9528,1050,12600,1113,13356
2023,"Youngstown-Warren-Boardman, OH HUD Metro FMR Area",573,6876,632,7584,794,9528,1050,12600,1113,13356
2024,"Adams County, OH",639,7668,655,7860,860,10320,1076,12912,1145,13740
2024,"Akron, OH MSA",728,8736,816,9792,1039,12468,1301,15612,1389,16668
2024,"Akron, OH MSA",728,8736,816,9792,1039,12468,1301,15612,1389,16668
2024,"Ashland County, OH",583,6996,655,7860,860,10320,1110,13320,1397,16764
2024,"Ashtabula County, OH",583,6996,692,8304,860,10320,1085,13020,1212,14544
2024,"Athens County, OH",804,9648,809,9708,983,11796,1189,14268,1491,17892
2024,"Auglaize County, OH",684,8208,689,8268,860,10320,1212,14544,1459,17508
2024,"Brown County, OH HUD Metro FMR Area",668,8016,672,8064,883,10596,1129,13548,1351,16212
2024,"Canton-Massillon, OH MSA",613,7356,690,8280,905,10860,1134,13608,1205,14460
2024,"Canton-Massillon, OH MSA",613,7356,690,8280,905,10860,1134,13608,1205,14460
2024,"Champaign County, OH",676,8112,694,8328,879,10548,1170,14040,1262,15144
2024,"Cincinnati, OH-KY-IN  HUD Metro FMR Area",810,9720,919,11028,1195,14340,1588,19056,1766,21192
2024,"Cincinnati, OH-KY-IN  HUD Metro FMR Area",810,9720,919,11028,1195,14340,1588,19056,1766,21192
2024,"Cincinnati, OH-KY-IN  HUD Metro FMR Area",810,9720,919,11028,1195,14340,1588,19056,1766,21192
2024,"Cincinnati, OH-KY-IN  HUD Metro FMR Area",810,9720,919,11028,1195,14340,1588,19056,1766,21192
2024,"Cincinnati, OH-KY-IN  HUD Metro FMR Area",810,9720,919,11028,1195,14340,1588,19056,1766,21192
2024,"Cincinnati, OH-KY-IN  HUD Metro FMR Area",810,9720,919,11028,1195,14340,1588,19056,1766,21192
2024,"Cincinnati, OH-KY-IN  HUD Metro FMR Area",810,9720,919,11028,1195,14340,1588,19056,1766,21192
2024,"Cincinnati, OH-KY-IN  HUD Metro FMR Area",810,9720,919,11028,1195,14340,1588,19056,1766,21192
2024,"Cincinnati, OH-KY-IN  HUD Metro FMR Area",810,9720,919,11028,1195,14340,1588,19056,1766,21192
2024,"Cincinnati, OH-KY-IN  HUD Metro FMR Area",810,9720,919,11028,1195,14340,1588,19056,1766,21192
2024,"Cincinnati, OH-KY-IN  HUD Metro FMR Area",810,9720,919,11028,1195,14340,1588,19056,1766,21192
2024,"Cincinnati, OH-KY-IN  HUD Metro FMR Area",810,9720,919,11028,1195,14340,1588,19056,1766,21192
2024,"Cleveland-Elyria, OH MSA",811,9732,913,10956,1108,13296,1434,17208,1527,18324
2024,"Cleveland-Elyria, OH MSA",811,9732,913,10956,1108,13296,1434,17208,1527,18324
2024,"Cleveland-Elyria, OH MSA",811,9732,913,10956,1108,13296,1434,17208,1527,18324
2024,"Cleveland-Elyria, OH MSA",811,9732,913,10956,1108,13296,1434,17208,1527,18324
2024,"Cleveland-Elyria, OH MSA",811,9732,913,10956,1108,13296,1434,17208,1527,18324
2024,"Clinton County, OH",646,7752,714,8568,870,10440,1132,13584,1341,16092
2024,"Columbiana County, OH",583,6996,704,8448,860,10320,1093,13116,1164,13968
2024,"Columbus, OH HUD Metro FMR Area",970,11640,1065,12780,1302,15624,1574,18888,1745,20940
2024,"Columbus, OH HUD Metro FMR Area",970,11640,1065,12780,1302,15624,1574,18888,1745,20940
2024,"Columbus, OH HUD Metro FMR Area",970,11640,1065,12780,1302,15624,1574,18888,1745,20940
2024,"Columbus, OH HUD Metro FMR Area",970,11640,1065,12780,1302,15624,1574,18888,1745,20940
2024,"Columbus, OH HUD Metro FMR Area",970,11640,1065,12780,1302,15624,1574,18888,1745,20940
2024,"Columbus, OH HUD Metro FMR Area",970,11640,1065,12780,1302,15624,1574,18888,1745,20940
2024,"Columbus, OH HUD Metro FMR Area",970,11640,1065,12780,1302,15624,1574,18888,1745,20940
2024,"Coshocton County, OH",639,7668,707,8484,860,10320,1206,14472,1379,16548
2024,"Crawford County, OH",605,7260,708,8496,860,10320,1143,13716,1145,13740
2024,"Darke County, OH",639,7668,741,8892,860,10320,1175,14100,1214,14568
2024,"Dayton-Kettering, OH MSA",743,8916,800,9600,1023,12276,1330,15960,1459,17508
2024,"Dayton-Kettering, OH MSA",743,8916,800,9600,1023,12276,1330,15960,1459,17508
2024,"Dayton-Kettering, OH MSA",743,8916,800,9600,1023,12276,1330,15960,1459,17508
2024,"Defiance County, OH",642,7704,667,8004,876,10512,1171,14052,1231,14772
2024,"Erie County, OH",767,9204,772,9264,962,11544,1163,13956,1414,16968
2024,"Fayette County, OH",611,7332,722,8664,870,10440,1128,13536,1230,14760
2024,"Gallia County, OH",639,7668,755,9060,860,10320,1041,12492,1302,15624
2024,"Guernsey County, OH",639,7668,655,7860,860,10320,1090,13080,1315,15780
2024,"Hancock County, OH",650,7800,740,8880,959,11508,1242,14904,1534,18408
2024,"Hardin County, OH",639,7668,701,8412,860,10320,1079,12948,1215,14580
2024,"Harrison County, OH",639,7668,655,7860,860,10320,1141,13692,1145,13740
2024,"Henry County, OH",595,7140,737,8844,860,10320,1130,13560,1367,16404
2024,"Highland County, OH",639,7668,706,8472,860,10320,1052,12624,1318,15816
2024,"Hocking County, OH HUD Metro FMR Area",650,7800,655,7860,860,10320,1204,14448,1208,14496
2024,"Holmes County, OH",639,7668,655,7860,860,10320,1040,12480,1145,13740
2024,"Huron County, OH",650,7800,665,7980,874,10488,1115,13380,1284,15408
2024,"Jackson County, OH",639,7668,666,7992,860,10320,1190,14280,1378,16536
2024,"Knox County, OH",722,8664,727,8724,923,11076,1228,14736,1229,14748
2024,"Lima, OH MSA",716,8592,737,8844,947,11364,1177,14124,1328,15936
2024,"Logan County, OH",639,7668,655,7860,860,10320,1100,13200,1168,14016
2024,"Mansfield, OH MSA",609,7308,689,8268,860,10320,1182,14184,1355,16260
2024,"Marion County, OH",723,8676,728,8736,956,11472,1156,13872,1273,15276
2024,"Meigs County, OH",602,7224,707,8484,860,10320,1040,12480,1459,17508
2024,"Mercer County, OH",639,7668,676,8112,860,10320,1141,13692,1145,13740
2024,"Monroe County, OH",639,7668,655,7860,860,10320,1191,14292,1196,14352
2024,"Morgan County, OH",639,7668,766,9192,860,10320,1068,12816,1309,15708
2024,"Muskingum County, OH",678,8136,682,8184,873,10476,1164,13968,1225,14700
2024,"Noble County, OH",639,7668,766,9192,860,10320,1040,12480,1218,14616
2024,"Ottawa County, OH HUD Metro FMR Area",641,7692,719,8628,945,11340,1143,13716,1308,15696
2024,"Paulding County, OH",639,7668,745,8940,860,10320,1178,14136,1277,15324
2024,"Perry County, OH HUD Metro FMR Area",648,7776,661,7932,868,10416,1068,12816,1156,13872
2024,"Pike County, OH",639,7668,655,7860,860,10320,1059,12708,1262,15144
2024,"Preble County, OH",650,7800,655,7860,860,10320,1127,13524,1321,15852
2024,"Putnam County, OH",639,7668,710,8520,860,10320,1040,12480,1145,13740
2024,"Ross County, OH",667,8004,768,9216,934,11208,1155,13860,1244,14928
2024,"Sandusky County, OH",587,7044,703,8436,866,10392,1204,14448,1259,15108
2024,"Scioto County, OH",624,7488,754,9048,860,10320,1172,14064,1288,15456
2024,"Seneca County, OH",679,8148,683,8196,885,10620,1102,13224,1287,15444
2024,"Shelby County, OH",599,7188,691,8292,884,10608,1194,14328,1292,15504
2024,"Springfield, OH MSA",650,7800,721,8652,948,11376,1149,13788,1268,15216
2024,"Toledo, OH HUD Metro FMR Area",691,8292,753,9036,986,11832,1307,15684,1378,16536
2024,"Toledo, OH HUD Metro FMR Area",691,8292,753,9036,986,11832,1307,15684,1378,16536
2024,"Toledo, OH HUD Metro FMR Area",691,8292,753,9036,986,11832,1307,15684,1378,16536
2024,"Tuscarawas County, OH",688,8256,693,8316,910,10920,1158,13896,1319,15828
2024,"Union County, OH HUD Metro FMR Area",933,11196,951,11412,1250,15000,1511,18132,1665,19980
2024,"Van Wert County, OH",639,7668,665,7980,860,10320,1077,12924,1145,13740
2024,"Vinton County, OH",639,7668,659,7908,860,10320,1040,12480,1145,13740
2024,"Washington County, OH",654,7848,659,7908,860,10320,1114,13368,1224,14688
2024,"Wayne County, OH",634,7608,703,8436,911,10932,1149,13788,1292,15504
2024,"Williams County, OH",583,6996,730,8760,860,10320,1086,13032,1145,13740
2024,"Wyandot County, OH",639,7668,712,8544,860,10320,1040,12480,1355,16260
2024,"Youngstown-Warren-Boardman, OH HUD Metro FMR Area",633,7596,683,8196,860,10320,1133,13596,1198,14376
2024,"Youngstown-Warren-Boardman, OH HUD Metro FMR Area",633,7596,683,8196,860,10320,1133,13596,1198,14376
